<?xml version="1.0" encoding="UTF-8"?>
<project-private xmlns="http://www.netbeans.org/ns/project-private/1">
    <editor-bookmarks xmlns="http://www.netbeans.org/ns/editor-bookmarks/2" lastBookmarkId="0"/>
    <open-files xmlns="http://www.netbeans.org/ns/projectui-open-files/2">
        <group>
            <file>file:/C:/Users/Zeesh/Downloads/Car_Rental_System-main/Car_Rental_System-main/Car_Rental_System/WestminsterRentalSystem-master/src/coursework/Schedule.java</file>
            <file>file:/C:/Users/Zeesh/Downloads/Car_Rental_System-main/Car_Rental_System-main/Car_Rental_System/WestminsterRentalSystem-master/src/coursework/VehicleTableModel.java</file>
            <file>file:/C:/Users/Zeesh/Downloads/Car_Rental_System-main/Car_Rental_System-main/Car_Rental_System/WestminsterRentalSystem-master/src/coursework/Car.java</file>
            <file>file:/C:/Users/Zeesh/Downloads/Car_Rental_System-main/Car_Rental_System-main/Car_Rental_System/WestminsterRentalSystem-master/src/coursework/Motorbike.java</file>
            <file>file:/C:/Users/Zeesh/Downloads/Car_Rental_System-main/Car_Rental_System-main/Car_Rental_System/WestminsterRentalSystem-master/src/coursework/Date.java</file>
            <file>file:/C:/Users/Zeesh/Downloads/Car_Rental_System-main/Car_Rental_System-main/Car_Rental_System/WestminsterRentalSystem-master/src/coursework/Vehicle.java</file>
            <file>file:/C:/Users/Zeesh/Downloads/Car_Rental_System-main/Car_Rental_System-main/Car_Rental_System/WestminsterRentalSystem-master/src/coursework/RentalVehicleManager.java</file>
            <file>file:/C:/Users/Zeesh/Downloads/Car_Rental_System-main/Car_Rental_System-main/Car_Rental_System/WestminsterRentalSystem-master/src/coursework/WestminsterRentalVehicleManager.java</file>
            <file>file:/C:/Users/Zeesh/Downloads/Car_Rental_System-main/Car_Rental_System-main/Car_Rental_System/WestminsterRentalSystem-master/src/coursework/RentalSystem.java</file>
        </group>
    </open-files>
</project-private>
