<?xml version="1.0" encoding="UTF-8"?>
<project-private xmlns="http://www.netbeans.org/ns/project-private/1">
    <editor-bookmarks xmlns="http://www.netbeans.org/ns/editor-bookmarks/2" lastBookmarkId="0"/>
    <open-files xmlns="http://www.netbeans.org/ns/projectui-open-files/2">
        <group>
            <file>file:/Users/Dillan/Library/Mobile%20Documents/com~apple~CloudDocs/University%20of%20Westminster/Object%20Oriented%20Programming/NetBeansProjects/Coursework/src/coursework/Schedule.java</file>
            <file>file:/Users/Dillan/Library/Mobile%20Documents/com~apple~CloudDocs/University%20of%20Westminster/Object%20Oriented%20Programming/NetBeansProjects/Coursework/src/coursework/RentalVehicleManager.java</file>
            <file>file:/Users/Dillan/Library/Mobile%20Documents/com~apple~CloudDocs/University%20of%20Westminster/Object%20Oriented%20Programming/NetBeansProjects/Coursework/src/coursework/WestminsterRentalVehicleManager.java</file>
            <file>file:/Users/Dillan/Library/Mobile%20Documents/com~apple~CloudDocs/University%20of%20Westminster/Object%20Oriented%20Programming/NetBeansProjects/Coursework/src/coursework/Vehicle.java</file>
            <file>file:/Users/Dillan/Library/Mobile%20Documents/com~apple~CloudDocs/University%20of%20Westminster/Object%20Oriented%20Programming/NetBeansProjects/Coursework/src/coursework/Car.java</file>
            <file>file:/Users/Dillan/Library/Mobile%20Documents/com~apple~CloudDocs/University%20of%20Westminster/Object%20Oriented%20Programming/NetBeansProjects/Coursework/src/coursework/Date.java</file>
            <file>file:/Users/Dillan/Library/Mobile%20Documents/com~apple~CloudDocs/University%20of%20Westminster/Object%20Oriented%20Programming/NetBeansProjects/Coursework/src/coursework/RentalSystem.java</file>
            <file>file:/Users/Dillan/Library/Mobile%20Documents/com~apple~CloudDocs/University%20of%20Westminster/Object%20Oriented%20Programming/NetBeansProjects/Coursework/src/coursework/Motorbike.java</file>
            <file>file:/Users/Dillan/Library/Mobile%20Documents/com~apple~CloudDocs/University%20of%20Westminster/Object%20Oriented%20Programming/NetBeansProjects/Coursework/src/coursework/VehicleTableModel.java</file>
        </group>
    </open-files>
</project-private>
